{
  "created_at": "2025-11-01T12:13:01.384485Z",
  "roc_auc": 0.7009125699146306,
  "average_precision": 0.43421322263275197,
  "n_train": 800,
  "n_test": 201
}